discipline_id,sport_id,sport_std,discipline_std,la28_event_count,ag2026_event_count,present_la28,present_ag2026,is_active,replaced_by,notes
DISC_SPORT_AQUATICS_ARTISTIC_SWIMMING,SPORT_AQUATICS,Aquatics,Artistic Swimming,2,2,1,1,True,,
DISC_SPORT_AQUATICS_DIVING,SPORT_AQUATICS,Aquatics,Diving,8,10,1,1,True,,
DISC_SPORT_AQUATICS_OPEN_WATER_SWIMMING,SPORT_AQUATICS,Aquatics,Open Water Swimming,2,0,1,0,True,,
DISC_SPORT_AQUATICS_SWIMMING,SPORT_AQUATICS,Aquatics,Swimming,41,42,1,1,True,,
DISC_SPORT_AQUATICS_WATER_POLO,SPORT_AQUATICS,Aquatics,Water Polo,2,2,1,1,True,,
DISC_SPORT_ARCHERY_ARCHERY,SPORT_ARCHERY,Archery,Archery,6,10,1,1,True,,
DISC_SPORT_ATHLETICS_ATHLETICS,SPORT_ATHLETICS,Athletics,Athletics,48,48,1,1,True,,
DISC_SPORT_BADMINTON_BADMINTON,SPORT_BADMINTON,Badminton,Badminton,5,7,1,1,True,,
DISC_SPORT_BASEBALL_SOFTBALL_BASEBALL,SPORT_BASEBALL_SOFTBALL,Baseball/Softball,Baseball,1,1,1,1,True,,
DISC_SPORT_BASEBALL_SOFTBALL_SOFTBALL,SPORT_BASEBALL_SOFTBALL,Baseball/Softball,Softball,1,1,1,1,True,,
DISC_SPORT_BASKETBALL_3X3,SPORT_BASKETBALL,Basketball,3x3,2,0,1,0,True,,
DISC_SPORT_BASKETBALL_BASKETBALL,SPORT_BASKETBALL,Basketball,Basketball,2,0,1,0,True,,
DISC_SPORT_BASKETBALL_BASKETBALL_3X3,SPORT_BASKETBALL,Basketball,Basketball 3x3,0,2,0,1,True,,
DISC_SPORT_BASKETBALL_BASKETBALL_5V5,SPORT_BASKETBALL,Basketball,Basketball 5v5,0,2,0,1,True,,
DISC_SPORT_BOXING_BOXING,SPORT_BOXING,Boxing,Boxing,14,11,1,1,True,,
DISC_SPORT_BREAKING_BREAKDANCING,SPORT_BREAKING,Breaking,Breakdancing,0,2,0,1,True,,
DISC_SPORT_CANOEING_CANOE,SPORT_CANOEING,Canoe Sports,Canoe,6,7,1,1,True,,
DISC_SPORT_CANOEING_KAYAK,SPORT_CANOEING,Canoe Sports,Kayak,10,11,1,1,True,,
DISC_SPORT_COMBAT_SPORTS_JIU_JITSU,SPORT_COMBAT_SPORTS,Combat Sports,Jiu-Jitsu,0,7,0,1,True,,
DISC_SPORT_COMBAT_SPORTS_KURASH,SPORT_COMBAT_SPORTS,Combat Sports,Kurash,0,7,0,1,True,,
DISC_SPORT_COMBAT_SPORTS_MIXED_MARTIAL_ARTS,SPORT_COMBAT_SPORTS,Combat Sports,Mixed Martial Arts,0,6,0,1,True,,
DISC_SPORT_CRICKET_CRICKET,SPORT_CRICKET,Cricket,Cricket,2,0,1,0,True,,
DISC_SPORT_CRICKET_T20_CRICKET,SPORT_CRICKET,Cricket,T20 Cricket,0,2,0,1,True,,
DISC_SPORT_CYCLING_BMX_FREESTYLE,SPORT_CYCLING,Cycling,BMX Freestyle,2,2,1,1,True,,
DISC_SPORT_CYCLING_BMX_RACING,SPORT_CYCLING,Cycling,BMX Racing,2,4,1,1,True,,
DISC_SPORT_CYCLING_MOUNTAIN_BIKE,SPORT_CYCLING,Cycling,Mountain Bike,2,0,1,0,True,,
DISC_SPORT_CYCLING_MOUNTAIN_BIKE_CYCLING,SPORT_CYCLING,Cycling,Mountain Bike Cycling,0,2,0,1,True,,
DISC_SPORT_CYCLING_ROAD,SPORT_CYCLING,Cycling,Road,4,0,1,0,True,,
DISC_SPORT_CYCLING_ROAD_CYCLING,SPORT_CYCLING,Cycling,Road Cycling,0,4,0,1,True,,
DISC_SPORT_CYCLING_TRACK,SPORT_CYCLING,Cycling,Track,12,0,1,0,True,,
DISC_SPORT_CYCLING_TRACK_CYCLING,SPORT_CYCLING,Cycling,Track Cycling,0,12,0,1,True,,
DISC_SPORT_EQUESTRIAN_DRESSAGE,SPORT_EQUESTRIAN,Equestrian,Dressage,2,0,1,0,True,,
DISC_SPORT_EQUESTRIAN_EQUESTRIAN,SPORT_EQUESTRIAN,Equestrian,Equestrian,0,7,0,1,True,,
DISC_SPORT_EQUESTRIAN_EVENTING,SPORT_EQUESTRIAN,Equestrian,Eventing,2,0,1,0,True,,
DISC_SPORT_EQUESTRIAN_JUMPING,SPORT_EQUESTRIAN,Equestrian,Jumping,2,0,1,0,True,,
DISC_SPORT_ESPORTS_ESPORTS,SPORT_ESPORTS,Esports,Esports,0,11,0,1,True,,
DISC_SPORT_FENCING_FENCING,SPORT_FENCING,Fencing,Fencing,12,12,1,1,True,,
DISC_SPORT_FLAG_FOOTBALL_FLAG_FOOTBALL,SPORT_FLAG_FOOTBALL,Flag Football,Flag Football,2,0,1,0,True,,
DISC_SPORT_FOOTBALL_FOOTBALL,SPORT_FOOTBALL,Football,Football,2,2,1,1,True,,
DISC_SPORT_GOLF_GOLF,SPORT_GOLF,Golf,Golf,3,4,1,1,True,,
DISC_SPORT_GYMNASTICS_ARTISTIC,SPORT_GYMNASTICS,Gymnastics,Artistic,15,0,1,0,True,,
DISC_SPORT_GYMNASTICS_ARTISTIC_GYMNASTICS,SPORT_GYMNASTICS,Gymnastics,Artistic Gymnastics,0,14,0,1,True,,
DISC_SPORT_GYMNASTICS_RHYTHMIC_GYMNASTICS,SPORT_GYMNASTICS,Gymnastics,Rhythmic Gymnastics,0,2,0,1,True,,
DISC_SPORT_GYMNASTICS_RYTHMIC,SPORT_GYMNASTICS,Gymnastics,Rythmic,2,0,1,0,True,,
DISC_SPORT_GYMNASTICS_TRAMPOLINE,SPORT_GYMNASTICS,Gymnastics,Trampoline,2,0,1,0,True,,
DISC_SPORT_GYMNASTICS_TRAMPOLINE_GYMNASTICS,SPORT_GYMNASTICS,Gymnastics,Trampoline Gymnastics,0,2,0,1,True,,
DISC_SPORT_HANDBALL_HANDBALL,SPORT_HANDBALL,Handball,Handball,2,2,1,1,True,,
DISC_SPORT_HOCKEY_HOCKEY,SPORT_HOCKEY,Hockey,Hockey,2,2,1,1,True,,
DISC_SPORT_JUDO_JUDO,SPORT_JUDO,Judo,Judo,15,15,1,1,True,,
DISC_SPORT_KABADDI_KABADDI,SPORT_KABADDI,Kabaddi,Kabaddi,0,2,0,1,True,,
DISC_SPORT_KARATE_KARATE_KATA,SPORT_KARATE,Karate,Karate Kata,0,4,0,1,True,,
DISC_SPORT_KARATE_KARATE_KUMITE,SPORT_KARATE,Karate,Karate Kumite,0,11,0,1,True,,
DISC_SPORT_LACROSSE_LACROSSE,SPORT_LACROSSE,Lacrosse,Lacrosse,2,0,1,0,True,,
DISC_SPORT_MODERN_PENTATHLON_MODERN_PENTATHLON,SPORT_MODERN_PENTATHLON,Modern Pentathlon,Modern Pentathlon,2,4,1,1,True,,
DISC_SPORT_ROWING_ROWING,SPORT_ROWING,Rowing,Rowing,12,14,1,1,True,,
DISC_SPORT_ROWING_ROWING_COASTAL_BEACH_SPRINTS,SPORT_ROWING,Rowing,Rowing Coastal Beach Sprints,3,0,1,0,True,,
DISC_SPORT_RUGBY_RUGBY_SEVENS,SPORT_RUGBY,Rugby,Rugby Sevens,2,2,1,1,True,,
DISC_SPORT_SAILING_SAILING,SPORT_SAILING,Sailing,Sailing,10,14,1,1,True,,
DISC_SPORT_SEPAK_TAKRAW_SEPAK_TAKRAW,SPORT_SEPAK_TAKRAW,Sepak Takraw,Sepak Takraw,0,6,0,1,True,,
DISC_SPORT_SHOOTING_SHOOTING,SPORT_SHOOTING,Shooting,Shooting,15,0,1,0,True,,
DISC_SPORT_SHOOTING_SHOOTING_PISTOL,SPORT_SHOOTING,Shooting,Shooting - Pistol,0,9,0,1,True,,
DISC_SPORT_SHOOTING_SHOOTING_RIFLE,SPORT_SHOOTING,Shooting,Shooting - Rifle,0,9,0,1,True,,
DISC_SPORT_SHOOTING_SHOOTING_SHOTGUN,SPORT_SHOOTING,Shooting,Shooting - Shotgun,0,10,0,1,True,,
DISC_SPORT_SKATEBOARDING_SKATEBOARDING,SPORT_SKATEBOARDING,Skateboarding,Skateboarding,4,4,1,1,True,,
DISC_SPORT_SOFT_TENNIS_SOFT_TENNIS,SPORT_SOFT_TENNIS,Soft Tennis,Soft Tennis,0,5,0,1,True,,
DISC_SPORT_SPORT_CLIMBING_SPORT_CLIMBING,SPORT_SPORT_CLIMBING,Sport Climbing,Sport Climbing,6,6,1,1,True,,
DISC_SPORT_SQUASH_SQUASH,SPORT_SQUASH,Squash,Squash,2,5,1,1,True,,
DISC_SPORT_SURFING_SURFING,SPORT_SURFING,Surfing,Surfing,2,2,1,1,True,,
DISC_SPORT_TABLE_TENNIS_TABLE_TENNIS,SPORT_TABLE_TENNIS,Table Tennis,Table Tennis,6,7,1,1,True,,
DISC_SPORT_TAEKWONDO_TAEKWONDO,SPORT_TAEKWONDO,Taekwondo,Taekwondo,8,0,1,0,True,,
DISC_SPORT_TAEKWONDO_TAEKWONDO_KYORUGI,SPORT_TAEKWONDO,Taekwondo,Taekwondo Kyorugi,0,8,0,1,True,,
DISC_SPORT_TAEKWONDO_TAEKWONDO_POOMSAE,SPORT_TAEKWONDO,Taekwondo,Taekwondo Poomsae,0,2,0,1,True,,
DISC_SPORT_TENNIS_TENNIS,SPORT_TENNIS,Tennis,Tennis,5,5,1,1,True,,
DISC_SPORT_TRIATHLON_TRIATHLON,SPORT_TRIATHLON,Triathlon,Triathlon,3,3,1,1,True,,
DISC_SPORT_VOLLEYBALL_BEACH_VOLLEYBALL,SPORT_VOLLEYBALL,Volleyball,Beach Volleyball,2,2,1,1,True,,
DISC_SPORT_VOLLEYBALL_VOLLEYBALL,SPORT_VOLLEYBALL,Volleyball,Volleyball,2,2,1,1,True,,
DISC_SPORT_WEIGHTLIFTING_WEIGHTLIFTING,SPORT_WEIGHTLIFTING,Weightlifting,Weightlifting,10,16,1,1,True,,
DISC_SPORT_WRESTLING_FREESTYLE,SPORT_WRESTLING,Wrestling,Freestyle,12,0,1,0,True,,
DISC_SPORT_WRESTLING_FREESTYLE_WRESTLING,SPORT_WRESTLING,Wrestling,Freestyle Wrestling,0,12,0,1,True,,
DISC_SPORT_WRESTLING_GRECO_ROMAN,SPORT_WRESTLING,Wrestling,Greco-Roman,6,0,1,0,True,,
DISC_SPORT_WRESTLING_GRECO_ROMAN_WRESTLING,SPORT_WRESTLING,Wrestling,Greco-Roman Wrestling,0,6,0,1,True,,
DISC_SPORT_WUSHU_WUSHU_SANDA,SPORT_WUSHU,Wushu,Wushu Sanda,0,7,0,1,True,,
DISC_SPORT_WUSHU_WUSHU_TAOLU,SPORT_WUSHU,Wushu,Wushu Taolu,0,8,0,1,True,,
DISC_SPORT_CANOEING_SLALOM,SPORT_CANOEING,Canoe Sports,Slalom,0,0,0,0,False,DISC_SPORT_CANOEING_KAYAK + DISC_SPORT_CANOEING_CANOE,Deprecated in Plan B: canoe_style moved to Event; craft moved to Discipline
DISC_SPORT_CANOEING_SPRINT,SPORT_CANOEING,Canoe Sports,Sprint,0,0,0,0,False,DISC_SPORT_CANOEING_KAYAK + DISC_SPORT_CANOEING_CANOE,Deprecated in Plan B: canoe_style moved to Event; craft moved to Discipline
