sport_std,events_total,la28_events,ag_events,both_events,only_la28,only_ag
Aquatics,65,55,56,46,9,10
Archery,15,6,10,1,5,9
Athletics,50,48,48,46,2,2
Badminton,7,5,7,5,0,2
Baseball/Softball,4,2,2,0,2,2
Basketball,8,4,4,0,4,4
Boxing,14,14,11,11,3,0
Breaking,2,0,2,0,0,2
Canoe Sports,34,16,18,0,16,18
Combat Sports,20,0,20,0,0,20
Cricket,4,2,2,0,2,2
Cycling,44,22,24,2,20,22
Equestrian,13,6,7,0,6,7
Esports,11,0,11,0,0,11
Fencing,24,12,12,0,12,12
Flag Football,2,2,0,0,2,0
Football,4,2,2,0,2,2
Golf,5,3,4,2,1,2
Gymnastics,37,19,18,0,19,18
Handball,4,2,2,0,2,2
Hockey,4,2,2,0,2,2
Judo,15,15,15,15,0,0
Kabaddi,2,0,2,0,0,2
Karate,15,0,15,0,0,15
Lacrosse,2,2,0,0,2,0
Modern Pentathlon,4,2,4,2,0,2
Rowing,29,15,14,0,15,14
Rugby,4,2,2,0,2,2
Sailing,17,10,14,7,3,7
Sepak Takraw,6,0,6,0,0,6
Shooting,43,15,28,0,15,28
Skateboarding,4,4,4,4,0,0
Soft Tennis,5,0,5,0,0,5
Sport Climbing,8,6,6,4,2,2
Squash,5,2,5,2,0,3
Surfing,2,2,2,2,0,0
Table Tennis,8,6,7,5,1,2
Taekwondo,18,8,10,0,8,10
Tennis,5,5,5,5,0,0
Triathlon,6,3,3,0,3,3
Volleyball,8,4,4,0,4,4
Weightlifting,20,10,16,6,4,10
Wrestling,36,18,18,0,18,18
Wushu,15,0,15,0,0,15
