region,centre,state,discipline_raw,san_res_b,san_res_g,san_res_t,san_nonres_b,san_nonres_g,san_nonres_t,san_gt,ex_res_b,ex_res_g,ex_res_t,ex_nonres_b,ex_nonres_g,ex_nonres_t,ex_gt,is_total_row,is_yet_to_start,discipline_base,is_para,sport_id,centre_type,state_std,centre_name_std,centre_id
Bangalore,Kurnool,Andhra Pradesh,Handball,20,0,20,0,0,0,20,20,0,20,0,0,0,20,False,False,Handball,False,SPORT_HANDBALL,STC,Andhra Pradesh,Kurnool,CENTRE_STC_AND_BA4F3837D7
Bangalore,Kurnool,Andhra Pradesh,Taekwondo,20,0,20,0,0,0,20,20,0,20,0,0,0,20,False,False,Taekwondo,False,SPORT_TAEKWONDO,STC,Andhra Pradesh,Kurnool,CENTRE_STC_AND_BA4F3837D7
Bangalore,Eluru,Andhra Pradesh,Athletics,18,15,33,0,0,0,33,16,11,27,0,0,0,27,False,False,Athletics,False,SPORT_ATHLETICS,STC,Andhra Pradesh,Eluru,CENTRE_STC_AND_0008122FC2
Bangalore,Eluru,Andhra Pradesh,Weightlifting,0,25,25,0,0,0,25,0,22,22,0,0,0,22,False,False,Weightlifting,False,SPORT_WEIGHTLIFTING,STC,Andhra Pradesh,Eluru,CENTRE_STC_AND_0008122FC2
Bangalore,Vishakhapatnam,Andhra Pradesh,Boxing,20,19,39,6,10,16,55,20,19,39,6,10,16,55,False,False,Boxing,False,SPORT_BOXING,STC,Andhra Pradesh,Vishakhapatnam,CENTRE_STC_AND_62932F2C50
Bangalore,Vishakhapatnam,Andhra Pradesh,Volleyball,17,19,36,0,0,0,36,15,17,32,0,0,0,32,False,False,Volleyball,False,SPORT_VOLLEYBALL,STC,Andhra Pradesh,Vishakhapatnam,CENTRE_STC_AND_62932F2C50
Bangalore,Bangalore,Karnataka,Hockey,40,0,40,0,0,0,40,40,0,40,0,0,0,40,False,False,Hockey,False,SPORT_HOCKEY,STC,Karnataka,Bangalore,CENTRE_STC_KAR_C588158B6A
Bangalore,Bangalore,Karnataka,Judo,17,0,17,0,0,0,17,16,0,16,0,0,0,16,False,False,Judo,False,SPORT_JUDO,STC,Karnataka,Bangalore,CENTRE_STC_KAR_C588158B6A
Bangalore,Dharwad,Karnataka,Basketball,10,0,10,0,0,0,10,10,0,10,0,0,0,10,False,False,Basketball,False,SPORT_BASKETBALL,STC,Karnataka,Dharwad,CENTRE_STC_KAR_8811B67907
Bangalore,Dharwad,Karnataka,Kabaddi,17,0,17,0,0,0,17,16,0,16,0,0,0,16,False,False,Kabaddi,False,SPORT_KABADDI,STC,Karnataka,Dharwad,CENTRE_STC_KAR_8811B67907
Bangalore,Dharwad,Karnataka,Wrestling,25,0,25,0,0,0,25,25,0,25,0,0,0,25,False,False,Wrestling,False,SPORT_WRESTLING,STC,Karnataka,Dharwad,CENTRE_STC_KAR_8811B67907
Bangalore,Madikeri,Karnataka,Hockey,0,50,50,0,0,0,50,0,50,50,0,0,0,50,False,False,Hockey,False,SPORT_HOCKEY,STC,Karnataka,Madikeri,CENTRE_STC_KAR_C3D74C49C4
Bangalore,Hyderabad,Telangana,Archery,10,10,20,0,0,0,20,10,10,20,0,0,0,20,False,False,Archery,False,SPORT_ARCHERY,STC,Telangana,Hyderabad,CENTRE_STC_TEL_267D3A4A80
Bangalore,Hyderabad,Telangana,Athletics,10,13,23,5,5,10,33,10,12,22,5,4,9,31,False,False,Athletics,False,SPORT_ATHLETICS,STC,Telangana,Hyderabad,CENTRE_STC_TEL_267D3A4A80
Bangalore,Hyderabad,Telangana,Gymnastics,0,0,0,7,13,20,20,0,0,0,7,12,19,19,False,False,Gymnastics,False,SPORT_GYMNASTICS,STC,Telangana,Hyderabad,CENTRE_STC_TEL_267D3A4A80
Bangalore,Hyderabad,Telangana,Hockey,20,20,40,0,0,0,40,20,20,40,0,0,0,40,False,False,Hockey,False,SPORT_HOCKEY,STC,Telangana,Hyderabad,CENTRE_STC_TEL_267D3A4A80
Bangalore,Hyderabad,Telangana,Kabaddi,15,0,15,0,0,0,15,15,0,15,0,0,0,15,False,False,Kabaddi,False,SPORT_KABADDI,STC,Telangana,Hyderabad,CENTRE_STC_TEL_267D3A4A80
Bhopal,Jabalpur,MP,Basketball,20,0,20,6,15,21,41,20,0,20,6,15,21,41,False,False,Basketball,False,SPORT_BASKETBALL,STC,MP,Jabalpur,CENTRE_STC_MP_4573E1C35A
Bhopal,Jabalpur,MP,Karate,15,0,15,0,9,9,24,15,0,15,0,9,9,24,False,False,Karate,False,SPORT_KARATE,STC,MP,Jabalpur,CENTRE_STC_MP_4573E1C35A
Bhopal,Tikamgarh,MP,Softball,0,0,0,12,10,22,22,0,0,0,12,10,22,22,False,False,Softball,False,SPORT_BASEBALL_SOFTBALL,STC,MP,Tikamgarh,CENTRE_STC_MP_AB5E7D46DE
Bhopal,Dhar,MP,Archery,20,10,30,0,0,0,30,19,9,28,0,0,0,28,False,False,Archery,False,SPORT_ARCHERY,STC,MP,Dhar,CENTRE_STC_MP_50857E6311
Bhopal,Dhar,MP,Badminton,6,3,9,5,3,8,17,5,3,8,5,3,8,16,False,False,Badminton,False,SPORT_BADMINTON,STC,MP,Dhar,CENTRE_STC_MP_50857E6311
Bhopal,Dhar,MP,Taekwondo,25,5,30,0,0,0,30,25,5,30,0,0,0,30,False,False,Taekwondo,False,SPORT_TAEKWONDO,STC,MP,Dhar,CENTRE_STC_MP_50857E6311
Bhopal,Raipur,Chhattisgarh,Archery,19,9,28,0,0,0,28,19,7,26,0,0,0,26,False,False,Archery,False,SPORT_ARCHERY,STC,Chhattisgarh,Raipur,CENTRE_STC_CHH_1B36CB12B5
Bhopal,Raipur,Chhattisgarh,Volleyball,19,13,32,0,0,0,32,19,13,32,0,0,0,32,False,False,Volleyball,False,SPORT_VOLLEYBALL,STC,Chhattisgarh,Raipur,CENTRE_STC_CHH_1B36CB12B5
Bhopal,Rajnandgaon,Chhattisgarh,Basketball,25,30,55,0,0,0,55,25,30,55,0,0,0,55,False,False,Basketball,False,SPORT_BASKETBALL,STC,Chhattisgarh,Rajnandgaon,CENTRE_STC_CHH_6D002867D0
Bhopal,Rajnandgaon,Chhattisgarh,Hockey,0,25,25,0,0,0,25,0,25,25,0,0,0,25,False,False,Hockey,False,SPORT_HOCKEY,STC,Chhattisgarh,Rajnandgaon,CENTRE_STC_CHH_6D002867D0
Zirakpur,Bilaspur,Himachal Pradesh,Kabaddi,20,0,20,0,0,0,20,20,0,20,0,0,0,20,False,False,Kabaddi,False,SPORT_KABADDI,STC,Himachal Pradesh,Bilaspur,CENTRE_STC_HIM_1CD1297CD6
Zirakpur,Bilaspur,Himachal Pradesh,Boxing,20,0,20,0,0,0,20,20,0,20,0,0,0,20,False,False,Boxing,False,SPORT_BOXING,STC,Himachal Pradesh,Bilaspur,CENTRE_STC_HIM_1CD1297CD6
Zirakpur,Bilaspur,Himachal Pradesh,Rowing,0,15,15,0,0,0,15,0,9,9,0,0,0,9,False,False,Rowing,False,SPORT_ROWING,STC,Himachal Pradesh,Bilaspur,CENTRE_STC_HIM_1CD1297CD6
Zirakpur,Bilaspur,Himachal Pradesh,Kayak & Canoe,0,15,15,0,0,0,15,0,14,14,0,0,0,14,False,False,Kayaking & Canoeing,False,SPORT_CANOEING,STC,Himachal Pradesh,Bilaspur,CENTRE_STC_HIM_1CD1297CD6
Zirakpur,Kargil,Ladakh,Boxing,15,15,30,0,0,0,30,14,11,25,0,0,0,25,False,False,Boxing,False,SPORT_BOXING,STC,Ladakh,Kargil,CENTRE_STC_LAD_F0CBCC2633
Zirakpur,Kargil,Ladakh,Taekwondo,15,15,30,0,0,0,30,14,14,28,0,0,0,28,False,False,Taekwondo,False,SPORT_TAEKWONDO,STC,Ladakh,Kargil,CENTRE_STC_LAD_F0CBCC2633
Zirakpur,Badal,Punjab,Athletics,0,15,15,0,0,0,15,0,15,15,0,0,0,15,False,False,Athletics,False,SPORT_ATHLETICS,STC,Punjab,Badal,CENTRE_STC_PUN_2F4C341FB7
Zirakpur,Badal,Punjab,Boxing,0,15,15,0,0,0,15,0,12,12,0,0,0,12,False,False,Boxing,False,SPORT_BOXING,STC,Punjab,Badal,CENTRE_STC_PUN_2F4C341FB7
Zirakpur,Badal,Punjab,Hockey,0,24,24,0,0,0,24,0,20,20,0,0,0,20,False,False,Hockey,False,SPORT_HOCKEY,STC,Punjab,Badal,CENTRE_STC_PUN_2F4C341FB7
Zirakpur,Badal,Punjab,Volleyball,0,18,18,0,0,0,18,0,18,18,0,0,0,18,False,False,Volleyball,False,SPORT_VOLLEYBALL,STC,Punjab,Badal,CENTRE_STC_PUN_2F4C341FB7
Zirakpur,Ludhiana,Punjab,Handball,20,0,20,10,0,10,30,20,0,20,10,0,10,30,False,False,Handball,False,SPORT_HANDBALL,STC,Punjab,Ludhiana,CENTRE_STC_PUN_1288DFF9B2
Zirakpur,Ludhiana,Punjab,Judo,20,0,20,10,0,10,30,18,0,18,7,0,7,25,False,False,Judo,False,SPORT_JUDO,STC,Punjab,Ludhiana,CENTRE_STC_PUN_1288DFF9B2
Zirakpur,Mastunasahib,Punjab,Boxing,15,0,15,0,0,0,15,11,0,11,0,0,0,11,False,False,Boxing,False,SPORT_BOXING,STC,Punjab,Mastunasahib,CENTRE_STC_PUN_C070C96D74
Zirakpur,Mastunasahib,Punjab,Volleyball,25,0,25,0,0,0,25,24,0,24,0,0,0,24,False,False,Volleyball,False,SPORT_VOLLEYBALL,STC,Punjab,Mastunasahib,CENTRE_STC_PUN_C070C96D74
Zirakpur,Jammu,Jammu & Kashmir,Badminton,0,0,0,10,10,20,20,0,0,0,10,10,20,20,False,False,Badminton,False,SPORT_BADMINTON,STC,Jammu & Kashmir,Jammu,CENTRE_STC_JAM_4FB0488829
Zirakpur,Jammu,Jammu & Kashmir,Basketball,20,0,20,0,15,15,35,20,0,20,0,13,13,33,False,False,Basketball,False,SPORT_BASKETBALL,STC,Jammu & Kashmir,Jammu,CENTRE_STC_JAM_4FB0488829
Zirakpur,Jammu,Jammu & Kashmir,Volleyball,20,0,20,0,0,0,20,20,0,20,0,0,0,20,False,False,Volleyball,False,SPORT_VOLLEYBALL,STC,Jammu & Kashmir,Jammu,CENTRE_STC_JAM_4FB0488829
Zirakpur,Jammu,Jammu & Kashmir,Wushu,0,0,0,10,10,20,20,0,0,0,8,5,13,13,False,False,Wushu,False,SPORT_WUSHU,STC,Jammu & Kashmir,Jammu,CENTRE_STC_JAM_4FB0488829
Gandhinagar,Alwar,Rajasthan,Hockey,22,0,22,0,0,0,22,,0,0,0,0,0,0,False,False,Hockey,False,SPORT_HOCKEY,STC,Rajasthan,Alwar,CENTRE_STC_RAJ_72D116F5D9
Gandhinagar,Alwar,Rajasthan,Shooting,30,0,30,6,6,12,42,26,0,26,0,0,0,26,False,False,Shooting,False,SPORT_SHOOTING,STC,Rajasthan,Alwar,CENTRE_STC_RAJ_72D116F5D9
Gandhinagar,Jaipur,Rajasthan,Kabaddi,15,0,15,5,0,5,20,15,0,,4,0,,19,False,False,Kabaddi,False,SPORT_KABADDI,STC,Rajasthan,Jaipur,CENTRE_STC_RAJ_068F2C26F2
Gandhinagar,Jaipur,Rajasthan,Weightlifting,15,0,15,5,0,5,20,12,0,12,2,0,2,14,False,False,Weightlifting,False,SPORT_WEIGHTLIFTING,STC,Rajasthan,Jaipur,CENTRE_STC_RAJ_068F2C26F2
Gandhinagar,Jodhpur,Rajasthan,Boxing,30,0,30,0,0,0,30,22,0,22,0,0,0,22,False,False,Boxing,False,SPORT_BOXING,STC,Rajasthan,Jodhpur,CENTRE_STC_RAJ_DE2B25407D
Gandhinagar,Jodhpur,Rajasthan,Gymnastics,0,0,0,10,10,20,20,,,,9,10,19,19,False,False,Gymnastics,False,SPORT_GYMNASTICS,STC,Rajasthan,Jodhpur,CENTRE_STC_RAJ_DE2B25407D
Guwahati,Naharlagun,Arunachal Pradesh,Karate,15,15,30,0,0,0,30,13,11,24,0,0,0,24,False,False,Karate,False,SPORT_KARATE,STC,Arunachal Pradesh,Naharlagun,CENTRE_STC_ARU_89B7D4F7EA
Guwahati,Naharlagun,Arunachal Pradesh,Taekwondo,15,10,25,5,5,10,35,12,8,20,1,2,3,23,False,False,Taekwondo,False,SPORT_TAEKWONDO,STC,Arunachal Pradesh,Naharlagun,CENTRE_STC_ARU_89B7D4F7EA
Guwahati,Naharlagun,Arunachal Pradesh,Boxing,15,15,30,5,5,10,40,15,12,27,3,2,5,32,False,False,Boxing,False,SPORT_BOXING,STC,Arunachal Pradesh,Naharlagun,CENTRE_STC_ARU_89B7D4F7EA
Guwahati,Shillong,Meghalaya,Archery,10,10,20,4,2,6,26,9,8,17,4,2,6,23,False,False,Archery,False,SPORT_ARCHERY,STC,Meghalaya,Shillong,CENTRE_STC_MEG_EBA7856B10
Guwahati,Shillong,Meghalaya,Athletics,12,15,27,0,0,0,27,9,12,21,0,0,0,21,False,False,Athletics,False,SPORT_ATHLETICS,STC,Meghalaya,Shillong,CENTRE_STC_MEG_EBA7856B10
Guwahati,Shillong,Meghalaya,Boxing,15,15,30,0,0,0,30,12,11,23,0,0,0,23,False,False,Boxing,False,SPORT_BOXING,STC,Meghalaya,Shillong,CENTRE_STC_MEG_EBA7856B10
Guwahati,Shillong,Meghalaya,Football,3,0,3,19,0,19,22,3,0,3,16,0,16,19,False,False,Football,False,SPORT_FOOTBALL,STC,Meghalaya,Shillong,CENTRE_STC_MEG_EBA7856B10
Guwahati,Shillong,Meghalaya,Judo,9,10,19,0,0,0,19,8,9,17,0,0,0,17,False,False,Judo,False,SPORT_JUDO,STC,Meghalaya,Shillong,CENTRE_STC_MEG_EBA7856B10
Guwahati,Shillong,Meghalaya,Karate,15,10,25,0,0,0,25,15,8,23,0,0,0,23,False,False,Karate,False,SPORT_KARATE,STC,Meghalaya,Shillong,CENTRE_STC_MEG_EBA7856B10
Guwahati,Shillong,Meghalaya,Sepaktakraw,10,0,10,0,0,0,10,0,0,0,0,0,0,0,False,False,Sepak Takraw,False,SPORT_SEPAK_TAKRAW,STC,Meghalaya,Shillong,CENTRE_STC_MEG_EBA7856B10
Guwahati,Golaghat,Assam,Boxing,14,15,29,5,5,10,39,14,15,29,5,5,10,39,False,False,Boxing,False,SPORT_BOXING,STC,Assam,Golaghat,CENTRE_STC_ASS_BF3AC1B9BA
Guwahati,Golaghat,Assam,Football,0,0,0,22,0,22,22,0,0,0,22,0,22,22,False,False,Football,False,SPORT_FOOTBALL,STC,Assam,Golaghat,CENTRE_STC_ASS_BF3AC1B9BA
Guwahati,Kokrajhar,Assam,Archery,12,12,24,0,0,0,24,12,12,24,0,0,0,24,False,False,Archery,False,SPORT_ARCHERY,STC,Assam,Kokrajhar,CENTRE_STC_ASS_6ACFC82AFD
Guwahati,Kokrajhar,Assam,Athletics,11,14,25,0,0,0,25,11,14,25,0,0,0,25,False,False,Athletics,False,SPORT_ATHLETICS,STC,Assam,Kokrajhar,CENTRE_STC_ASS_6ACFC82AFD
Guwahati,Kokrajhar,Assam,Boxing,12,12,24,0,0,0,24,12,12,24,0,0,0,24,False,False,Boxing,False,SPORT_BOXING,STC,Assam,Kokrajhar,CENTRE_STC_ASS_6ACFC82AFD
Guwahati,Kokrajhar,Assam,Football,12,12,24,10,10,20,44,12,12,24,10,10,20,44,False,False,Football,False,SPORT_FOOTBALL,STC,Assam,Kokrajhar,CENTRE_STC_ASS_6ACFC82AFD
Guwahati,Kokrajhar,Assam,Hockey,0,25,25,0,0,0,25,0,25,25,0,0,0,25,False,False,Hockey,False,SPORT_HOCKEY,STC,Assam,Kokrajhar,CENTRE_STC_ASS_6ACFC82AFD
Guwahati,Kokrajhar,Assam,Kabaddi,0,18,18,0,0,0,18,0,18,18,0,0,0,18,False,False,Kabaddi,False,SPORT_KABADDI,STC,Assam,Kokrajhar,CENTRE_STC_ASS_6ACFC82AFD
Guwahati,Kokrajhar,Assam,Taekwondo,11,15,26,0,0,0,26,11,15,26,0,0,0,26,False,False,Taekwondo,False,SPORT_TAEKWONDO,STC,Assam,Kokrajhar,CENTRE_STC_ASS_6ACFC82AFD
Guwahati,Kokrajhar,Assam,Wushu,10,14,24,0,0,0,24,10,14,24,0,0,0,24,False,False,Wushu,False,SPORT_WUSHU,STC,Assam,Kokrajhar,CENTRE_STC_ASS_6ACFC82AFD
Guwahati,Solalgaon,Assam,Boxing,0,15,15,0,0,0,15,0,15,15,0,0,0,15,False,False,Boxing,False,SPORT_BOXING,STC,Assam,Solalgaon,CENTRE_STC_ASS_AECB35943C
Guwahati,Solalgaon,Assam,Football,0,19,19,0,2,2,21,0,19,19,0,2,2,21,False,False,Football,False,SPORT_FOOTBALL,STC,Assam,Solalgaon,CENTRE_STC_ASS_AECB35943C
Guwahati,Solalgaon,Assam,Weightlifting,0,15,15,0,0,0,15,0,15,15,0,0,0,15,False,False,Weightlifting,False,SPORT_WEIGHTLIFTING,STC,Assam,Solalgaon,CENTRE_STC_ASS_AECB35943C
Guwahati,Tinsukia,Assam,Athletics,5,6,11,1,8,9,20,4,4,8,1,1,2,10,False,False,Athletics,False,SPORT_ATHLETICS,STC,Assam,Tinsukia,CENTRE_STC_ASS_012B4BC69A
Guwahati,Tinsukia,Assam,Football,0,0,0,0,18,18,18,0,0,0,0,18,18,18,False,False,Football,False,SPORT_FOOTBALL,STC,Assam,Tinsukia,CENTRE_STC_ASS_012B4BC69A
Guwahati,Tinsukia,Assam,Judo,9,15,24,0,0,0,24,9,15,24,0,0,0,24,False,False,Judo,False,SPORT_JUDO,STC,Assam,Tinsukia,CENTRE_STC_ASS_012B4BC69A
Guwahati,Namchi,Sikkim,Archery,9,0,9,0,2,2,11,6,0,6,0,1,1,7,False,False,Archery,False,SPORT_ARCHERY,STC,Sikkim,Namchi,CENTRE_STC_SIK_924913F71D
Guwahati,Namchi,Sikkim,Boxing,6,0,6,0,10,10,16,4,0,4,0,7,7,11,False,False,Boxing,False,SPORT_BOXING,STC,Sikkim,Namchi,CENTRE_STC_SIK_924913F71D
Guwahati,Namchi,Sikkim,Football,16,0,16,8,0,8,24,13,0,13,7,0,7,20,False,False,Football,False,SPORT_FOOTBALL,STC,Sikkim,Namchi,CENTRE_STC_SIK_924913F71D
Guwahati,Namchi,Sikkim,Taekwondo,14,0,14,0,8,8,22,9,0,9,0,7,7,16,False,False,Taekwondo,False,SPORT_TAEKWONDO,STC,Sikkim,Namchi,CENTRE_STC_SIK_924913F71D
Imphal,Imphal,Manipur,Boxing,15,20,35,0,0,0,35,14,18,32,0,0,0,32,False,False,Boxing,False,SPORT_BOXING,STC,Manipur,Imphal,CENTRE_STC_MAN_09ABF2BD6F
Imphal,Imphal,Manipur,Gymnastics,9,7,16,0,0,0,16,8,7,15,0,0,0,15,False,False,Gymnastics,False,SPORT_GYMNASTICS,STC,Manipur,Imphal,CENTRE_STC_MAN_09ABF2BD6F
Imphal,Imphal,Manipur,Karate,8,6,14,7,8,15,29,8,6,14,4,5,9,23,False,False,Karate,False,SPORT_KARATE,STC,Manipur,Imphal,CENTRE_STC_MAN_09ABF2BD6F
Imphal,Imphal,Manipur,Sepaktakraw,17,16,33,0,0,0,33,17,14,31,0,0,0,31,False,False,Sepak Takraw,False,SPORT_SEPAK_TAKRAW,STC,Manipur,Imphal,CENTRE_STC_MAN_09ABF2BD6F
Imphal,Imphal,Manipur,Wrestling,9,7,16,6,8,14,30,9,7,16,4,8,12,28,False,False,Wrestling,False,SPORT_WRESTLING,STC,Manipur,Imphal,CENTRE_STC_MAN_09ABF2BD6F
Imphal,Imphal,Manipur,Wushu,8,4,12,2,6,8,20,6,4,10,0,1,1,11,False,False,Wushu,False,SPORT_WUSHU,STC,Manipur,Imphal,CENTRE_STC_MAN_09ABF2BD6F
Imphal,Utlou,Manipur,Boxing,25,0,25,0,0,0,25,25,0,25,0,0,0,25,False,False,Boxing,False,SPORT_BOXING,STC,Manipur,Utlou,CENTRE_STC_MAN_FD18CBA0F1
Imphal,Utlou,Manipur,Football,0,0,0,22,0,22,22,0,0,0,22,0,22,22,False,False,Football,False,SPORT_FOOTBALL,STC,Manipur,Utlou,CENTRE_STC_MAN_FD18CBA0F1
Imphal,Utlou,Manipur,Taekwondo,25,0,25,0,0,0,25,24,0,24,0,0,0,24,False,False,Taekwondo,False,SPORT_TAEKWONDO,STC,Manipur,Utlou,CENTRE_STC_MAN_FD18CBA0F1
Imphal,Utlou,Manipur,Weightlifting,25,0,25,0,0,0,25,23,0,23,0,0,0,23,False,False,Weightlifting,False,SPORT_WEIGHTLIFTING,STC,Manipur,Utlou,CENTRE_STC_MAN_FD18CBA0F1
Imphal,Dimapur,Nagaland,Boxing,19,0,19,0,0,0,19,19,0,19,0,0,0,19,False,False,Boxing,False,SPORT_BOXING,STC,Nagaland,Dimapur,CENTRE_STC_NAG_D69DA1512C
Imphal,Dimapur,Nagaland,Football,20,0,20,0,0,0,20,20,0,20,0,0,0,20,False,False,Football,False,SPORT_FOOTBALL,STC,Nagaland,Dimapur,CENTRE_STC_NAG_D69DA1512C
Imphal,Dimapur,Nagaland,Sepaktakraw,23,0,23,0,0,0,23,23,0,23,0,0,0,23,False,False,Sepak Takraw,False,SPORT_SEPAK_TAKRAW,STC,Nagaland,Dimapur,CENTRE_STC_NAG_D69DA1512C
Imphal,Aizawl,Mizoram,Boxing,14,14,28,0,0,0,28,14,14,28,0,0,0,28,False,False,Boxing,False,SPORT_BOXING,STC,Mizoram,Aizawl,CENTRE_STC_MIZ_7E2BBE389F
Imphal,Aizawl,Mizoram,Judo,10,15,25,0,0,0,25,10,15,25,0,0,0,25,False,False,Judo,False,SPORT_JUDO,STC,Mizoram,Aizawl,CENTRE_STC_MIZ_7E2BBE389F
Imphal,Aizawl,Mizoram,Taekwondo,5,6,11,0,0,0,11,5,6,11,0,0,0,11,False,False,Taekwondo,False,SPORT_TAEKWONDO,STC,Mizoram,Aizawl,CENTRE_STC_MIZ_7E2BBE389F
Imphal,Aizawl,Mizoram,Weightlifting,4,2,6,0,0,0,6,4,2,6,0,0,0,6,False,False,Weightlifting,False,SPORT_WEIGHTLIFTING,STC,Mizoram,Aizawl,CENTRE_STC_MIZ_7E2BBE389F
Imphal,Aizawl (Lunglei),Mizoram,Boxing,14,0,14,0,0,0,14,14,0,14,0,0,0,14,False,False,Boxing,False,SPORT_BOXING,STC,Mizoram,Aizawl (Lunglei),CENTRE_STC_MIZ_3D7472F1D3
Imphal,Aizawl (Lunglei),Mizoram,Taekwondo,15,0,15,0,0,0,15,15,0,15,0,0,0,15,False,False,Taekwondo,False,SPORT_TAEKWONDO,STC,Mizoram,Aizawl (Lunglei),CENTRE_STC_MIZ_3D7472F1D3
Imphal,Aizawl (Thenzawl),Mizoram,Hockey,0,40,40,0,0,0,40,0,40,40,0,0,0,40,False,False,Hockey,False,SPORT_HOCKEY,STC,Mizoram,Aizawl (Thenzawl),CENTRE_STC_MIZ_F5AD96D6E6
Kolkata,Nicobar,A & N,Athletics,10,10,20,0,0,0,20,10,9,19,0,0,0,19,False,False,Athletics,False,SPORT_ATHLETICS,STC,A & N,Nicobar,CENTRE_STC_AN_EA6F4087C1
Kolkata,Nicobar,A & N,Cycling,10,15,25,0,0,0,25,10,15,25,0,0,0,25,False,False,Cycling,False,SPORT_CYCLING,STC,A & N,Nicobar,CENTRE_STC_AN_EA6F4087C1
Kolkata,Nicobar,A & N,Football,0,0,0,22,0,22,22,0,0,0,22,0,22,22,False,False,Football,False,SPORT_FOOTBALL,STC,A & N,Nicobar,CENTRE_STC_AN_EA6F4087C1
Kolkata,Nicobar,A & N,Weightlifting,10,15,25,0,0,0,25,10,15,25,0,0,0,25,False,False,Weightlifting,False,SPORT_WEIGHTLIFTING,STC,A & N,Nicobar,CENTRE_STC_AN_EA6F4087C1
Kolkata,Port Blair,A & N,Kayak & Canoe,13,13,26,0,0,0,26,13,13,26,0,0,0,26,False,False,Kayaking & Canoeing,False,SPORT_CANOEING,STC,A & N,Port Blair,CENTRE_STC_AN_BE8F0F2E2E
Kolkata,Port Blair,A & N,Rowing,17,19,36,0,0,0,36,17,19,36,0,0,0,36,False,False,Rowing,False,SPORT_ROWING,STC,A & N,Port Blair,CENTRE_STC_AN_BE8F0F2E2E
Kolkata,Port Blair,A & N,Football,0,20,20,0,5,5,25,0,20,20,0,0,0,20,False,False,Football,False,SPORT_FOOTBALL,STC,A & N,Port Blair,CENTRE_STC_AN_BE8F0F2E2E
Kolkata,Patna,Bihar,Taekwondo,15,0,15,0,0,0,15,15,0,15,0,0,0,15,False,False,Taekwondo,False,SPORT_TAEKWONDO,STC,Bihar,Patna,CENTRE_STC_BIH_AD23CE55BB
Kolkata,Patna,Bihar,Wushu,15,0,15,0,0,0,15,15,0,15,0,0,0,15,False,False,Wushu,False,SPORT_WUSHU,STC,Bihar,Patna,CENTRE_STC_BIH_AD23CE55BB
Kolkata,Patna,Bihar,Sepak Takraw,6,6,12,6,6,12,24,0,0,0,0,0,0,0,False,False,Sepak Takraw,False,SPORT_SEPAK_TAKRAW,STC,Bihar,Patna,CENTRE_STC_BIH_AD23CE55BB
Kolkata,Hazaribagh,Jharkhand,Archery,10,13,23,5,5,10,33,10,13,23,5,3,8,31,False,False,Archery,False,SPORT_ARCHERY,STC,Jharkhand,Hazaribagh,CENTRE_STC_JHA_1FDF4069AB
Kolkata,Hazaribagh,Jharkhand,Hockey,20,20,40,5,5,10,50,20,20,40,5,5,10,50,False,False,Hockey,False,SPORT_HOCKEY,STC,Jharkhand,Hazaribagh,CENTRE_STC_JHA_1FDF4069AB
Kolkata,Ranchi,Jharkhand,Athletics,13,12,25,0,0,0,25,13,12,25,2,2,4,29,False,False,Athletics,False,SPORT_ATHLETICS,STC,Jharkhand,Ranchi,CENTRE_STC_JHA_0329397385
Kolkata,Ranchi,Jharkhand,Football,0,0,0,0,22,22,22,0,0,0,0,18,18,18,False,False,Football,False,SPORT_FOOTBALL,STC,Jharkhand,Ranchi,CENTRE_STC_JHA_0329397385
Kolkata,Ranchi,Jharkhand,Hockey,16,16,32,6,6,12,44,16,15,31,0,0,0,31,False,False,Hockey,False,SPORT_HOCKEY,STC,Jharkhand,Ranchi,CENTRE_STC_JHA_0329397385
Kolkata,Ranchi,Jharkhand,Archery,6,7,13,0,0,0,13,7,4,11,0,0,0,11,False,False,Archery,False,SPORT_ARCHERY,STC,Jharkhand,Ranchi,CENTRE_STC_JHA_0329397385
Kolkata,Cuttack,Odisha,Athletics,15,15,30,0,0,0,30,15,15,30,0,0,0,30,False,False,Athletics,False,SPORT_ATHLETICS,STC,Odisha,Cuttack,CENTRE_STC_ODI_0360775268
Kolkata,Cuttack,Odisha,Football,0,0,0,12,0,12,12,0,0,0,12,0,12,12,False,False,Football,False,SPORT_FOOTBALL,STC,Odisha,Cuttack,CENTRE_STC_ODI_0360775268
Kolkata,Sundargarh,Odisha,Archery,5,10,15,0,0,0,15,5,10,15,0,0,0,15,False,False,Archery,False,SPORT_ARCHERY,STC,Odisha,Sundargarh,CENTRE_STC_ODI_D5735CF448
Kolkata,Sundargarh,Odisha,Hockey,25,25,50,0,12,12,62,25,25,50,0,0,0,50,False,False,Hockey,False,SPORT_HOCKEY,STC,Odisha,Sundargarh,CENTRE_STC_ODI_D5735CF448
Kolkata,Agartala,Tripura,Athletics,0,0,0,8,0,8,8,0,0,0,8,0,8,8,False,False,Athletics,False,SPORT_ATHLETICS,STC,Tripura,Agartala,CENTRE_STC_TRI_AB080946CC
Kolkata,Agartala,Tripura,Football,11,0,11,7,0,7,18,11,0,11,7,0,7,18,False,False,Football,False,SPORT_FOOTBALL,STC,Tripura,Agartala,CENTRE_STC_TRI_AB080946CC
Kolkata,Agartala,Tripura,Gymnastics,14,0,14,3,0,3,17,14,0,14,3,0,3,17,False,False,Gymnastics,False,SPORT_GYMNASTICS,STC,Tripura,Agartala,CENTRE_STC_TRI_AB080946CC
Kolkata,Agartala,Tripura,Swimming,10,0,10,0,0,0,10,10,0,10,0,0,0,10,False,False,Swimming,False,SPORT_AQUATICS,STC,Tripura,Agartala,CENTRE_STC_TRI_AB080946CC
Kolkata,Bolpur,West Bengal,Table Tennis,10,10,20,5,5,10,30,10,8,18,5,5,10,28,False,False,Table Tennis,False,SPORT_TABLE_TENNIS,STC,West Bengal,Bolpur,CENTRE_STC_WES_95EB4E9FA2
Kolkata,Jalpaiguri,West Bengal,Archery,6,10,16,0,0,0,16,6,9,15,0,0,0,15,False,False,Archery,False,SPORT_ARCHERY,STC,West Bengal,Jalpaiguri,CENTRE_STC_WES_8A37DB07D6
Kolkata,Jalpaiguri,West Bengal,Athletics,12,15,27,0,0,0,27,12,15,27,0,0,0,27,False,False,Athletics,False,SPORT_ATHLETICS,STC,West Bengal,Jalpaiguri,CENTRE_STC_WES_8A37DB07D6
Kolkata,Jalpaiguri,West Bengal,Football,17,0,17,7,15,22,39,16,0,16,5,13,18,34,False,False,Football,False,SPORT_FOOTBALL,STC,West Bengal,Jalpaiguri,CENTRE_STC_WES_8A37DB07D6
Kolkata,Jalpaiguri,West Bengal,Gymnastics,10,10,20,0,0,0,20,5,9,14,0,0,0,14,False,False,Gymnastics,False,SPORT_GYMNASTICS,STC,West Bengal,Jalpaiguri,CENTRE_STC_WES_8A37DB07D6
Kolkata,Jalpaiguri,West Bengal,Table Tennis,0,10,10,0,0,0,10,0,8,8,0,0,0,8,False,False,Table Tennis,False,SPORT_TABLE_TENNIS,STC,West Bengal,Jalpaiguri,CENTRE_STC_WES_8A37DB07D6
Kolkata,Lebong,West Bengal,Archery,12,0,12,0,0,0,12,12,0,12,0,0,0,12,False,False,Archery,False,SPORT_ARCHERY,STC,West Bengal,Lebong,CENTRE_STC_WES_B355205263
Kolkata,Lebong,West Bengal,Football,0,0,0,12,0,12,12,0,0,0,12,0,12,12,False,False,Football,False,SPORT_FOOTBALL,STC,West Bengal,Lebong,CENTRE_STC_WES_B355205263
Lucknow,Bareily,Uttar Pradesh,Athletics,17,0,17,5,0,5,22,14,0,14,0,5,5,`19,False,False,Athletics,False,SPORT_ATHLETICS,STC,Uttar Pradesh,Bareily,CENTRE_STC_UTT_82A09DE852
Lucknow,Bareily,Uttar Pradesh,Hockey,20,0,20,6,0,6,26,14,0,18,5,0,5,23,False,False,Hockey,False,SPORT_HOCKEY,STC,Uttar Pradesh,Bareily,CENTRE_STC_UTT_82A09DE852
Lucknow,Bareily,Uttar Pradesh,Sepaktakraw,18,0,18,6,0,6,24,18,0,18,6,0,6,24,False,False,Sepak Takraw,False,SPORT_SEPAK_TAKRAW,STC,Uttar Pradesh,Bareily,CENTRE_STC_UTT_82A09DE852
Lucknow,Raibareily,Uttar Pradesh,Taekwondo,15,0,15,0,0,0,15,15,0,15,0,0,0,15,False,False,Taekwondo,False,SPORT_TAEKWONDO,STC,Uttar Pradesh,Raibareily,CENTRE_STC_UTT_20AB7786FF
Lucknow,Raibareily,Uttar Pradesh,Volleyball,15,0,15,3,0,3,18,15,0,15,2,0,2,17,False,False,Volleyball,False,SPORT_VOLLEYBALL,STC,Uttar Pradesh,Raibareily,CENTRE_STC_UTT_20AB7786FF
Lucknow,Saifai,Uttar Pradesh,Athletics,12,0,12,0,0,0,12,12,0,12,0,0,0,12,False,False,Athletics,False,SPORT_ATHLETICS,STC,Uttar Pradesh,Saifai,CENTRE_STC_UTT_6606BD73F6
Lucknow,Saifai,Uttar Pradesh,Handball,30,0,30,0,0,0,30,30,0,30,0,0,0,30,False,False,Handball,False,SPORT_HANDBALL,STC,Uttar Pradesh,Saifai,CENTRE_STC_UTT_6606BD73F6
Lucknow,Varanasi,Uttar Pradesh,Athletics,24,20,44,0,0,0,44,23,20,43,0,0,0,43,False,False,Athletics,False,SPORT_ATHLETICS,STC,Uttar Pradesh,Varanasi,CENTRE_STC_UTT_011B6DF060
Lucknow,Varanasi,Uttar Pradesh,Basketball,20,0,20,0,0,0,20,20,0,20,0,0,0,20,False,False,Basketball,False,SPORT_BASKETBALL,STC,Uttar Pradesh,Varanasi,CENTRE_STC_UTT_011B6DF060
Lucknow,Varanasi,Uttar Pradesh,Boxing,0,20,20,0,6,6,26,0,20,20,0,5,5,25,False,False,Boxing,False,SPORT_BOXING,STC,Uttar Pradesh,Varanasi,CENTRE_STC_UTT_011B6DF060
Lucknow,Varanasi,Uttar Pradesh,Wrestling,0,10,10,0,6,6,16,0,10,10,0,6,6,16,False,False,Wrestling,False,SPORT_WRESTLING,STC,Uttar Pradesh,Varanasi,CENTRE_STC_UTT_011B6DF060
Lucknow,Kashipur,Uttrakhand,Athletics,10,0,10,5,5,10,20,10,0,10,5,5,10,20,False,False,Athletics,False,SPORT_ATHLETICS,STC,Uttrakhand,Kashipur,CENTRE_STC_UTT_1D5BB6C656
Lucknow,Kashipur,Uttrakhand,Boxing,34,0,34,0,0,0,34,34,0,34,0,0,0,34,False,False,Boxing,False,SPORT_BOXING,STC,Uttrakhand,Kashipur,CENTRE_STC_UTT_1D5BB6C656
Lucknow,Kashipur,Uttrakhand,Taekwondo,20,0,20,0,0,0,20,18,0,18,0,0,0,18,False,False,Taekwondo,False,SPORT_TAEKWONDO,STC,Uttrakhand,Kashipur,CENTRE_STC_UTT_1D5BB6C656
Lucknow,Kashipur,Uttrakhand,Weightlifting,7,0,7,8,0,8,15,7,0,7,6,0,6,13,False,False,Weightlifting,False,SPORT_WEIGHTLIFTING,STC,Uttrakhand,Kashipur,CENTRE_STC_UTT_1D5BB6C656
Mumbai,Peddem,Goa,Judo,0,20,20,0,0,0,20,0,20,20,0,0,0,20,False,False,Judo,False,SPORT_JUDO,STC,Goa,Peddem,CENTRE_STC_GOA_C91EE8B245
Mumbai,Peddem,Goa,Boxing,0,20,20,0,0,0,20,0,20,20,0,0,0,20,False,False,Boxing,False,SPORT_BOXING,STC,Goa,Peddem,CENTRE_STC_GOA_C91EE8B245
Mumbai,Ponda,Goa,Judo,30,0,30,0,0,0,30,27,0,27,0,0,0,27,False,False,Judo,False,SPORT_JUDO,STC,Goa,Ponda,CENTRE_STC_GOA_CC890A7B85
Sonepat,Bawana,Delhi,Judo,15,0,15,0,15,15,30,15,0,15,0,15,15,30,False,False,Judo,False,SPORT_JUDO,STC,Delhi,Bawana,CENTRE_STC_DEL_4520E702FC
Sonepat,Bawana,Delhi,Sepaktakraw,15,0,15,0,0,0,15,14,0,14,0,0,0,14,False,False,Sepak Takraw,False,SPORT_SEPAK_TAKRAW,STC,Delhi,Bawana,CENTRE_STC_DEL_4520E702FC
Sonepat,Bhiwani,Haryana,Athletics,10,0,10,5,12,17,27,10,0,10,4,12,16,26,False,False,Athletics,False,SPORT_ATHLETICS,STC,Haryana,Bhiwani,CENTRE_STC_HAR_8E705505FE
Sonepat,Bhiwani,Haryana,Boxing,26,0,26,5,0,5,31,20,0,20,5,0,5,25,False,False,Boxing,False,SPORT_BOXING,STC,Haryana,Bhiwani,CENTRE_STC_HAR_8E705505FE
Sonepat,Bhiwani,Haryana,Wrestling,25,0,25,0,0,0,25,25,0,25,0,0,0,25,False,False,Wrestling,False,SPORT_WRESTLING,STC,Haryana,Bhiwani,CENTRE_STC_HAR_8E705505FE
Sonepat,Hisar,Haryana,Athletics,30,0,30,4,0,4,34,30,0,30,4,0,4,34,False,False,Athletics,False,SPORT_ATHLETICS,STC,Haryana,Hisar,CENTRE_STC_HAR_14943ADF3A
Sonepat,Hisar,Haryana,Boxing,30,30,60,10,10,20,80,30,29,59,10,10,20,79,False,False,Boxing,False,SPORT_BOXING,STC,Haryana,Hisar,CENTRE_STC_HAR_14943ADF3A
Sonepat,Hisar,Haryana,Hockey,0,35,35,0,5,5,40,0,36,36,0,5,5,41,False,False,Hockey,False,SPORT_HOCKEY,STC,Haryana,Hisar,CENTRE_STC_HAR_14943ADF3A
Sonepat,Hisar,Haryana,Wrestling,40,20,60,10,10,20,80,40,19,59,10,10,20,79,False,False,Wrestling,False,SPORT_WRESTLING,STC,Haryana,Hisar,CENTRE_STC_HAR_14943ADF3A
Sonepat,Kurukshetra,Haryana,Cycling,10,0,10,0,0,0,10,8,0,8,0,0,0,8,False,False,Cycling,False,SPORT_CYCLING,STC,Haryana,Kurukshetra,CENTRE_STC_HAR_9EEA667DF5
Sonepat,Kurukshetra,Haryana,Hockey,23,0,23,15,0,15,38,23,0,23,15,0,15,38,False,False,Hockey,False,SPORT_HOCKEY,STC,Haryana,Kurukshetra,CENTRE_STC_HAR_9EEA667DF5
Sonepat,Kurukshetra,Haryana,Volleyball,20,0,20,0,0,0,20,20,0,20,0,0,0,20,False,False,Volleyball,False,SPORT_VOLLEYBALL,STC,Haryana,Kurukshetra,CENTRE_STC_HAR_9EEA667DF5
LNCPE,Calicut,Kerala,Athletics,17,0,17,0,0,0,17,17,0,17,0,0,0,17,False,False,Athletics,False,SPORT_ATHLETICS,STC,Kerala,Calicut,CENTRE_STC_KER_49346E82F0
LNCPE,Calicut,Kerala,Volleyball,22,0,22,0,0,0,22,22,0,22,0,0,0,22,False,False,Volleyball,False,SPORT_VOLLEYBALL,STC,Kerala,Calicut,CENTRE_STC_KER_49346E82F0
LNCPE,Kollam,Kerala,Athletics,18,10,28,0,0,0,28,18,10,28,0,0,0,28,False,False,Athletics,False,SPORT_ATHLETICS,STC,Kerala,Kollam,CENTRE_STC_KER_7CF9DD85D7
LNCPE,Kollam,Kerala,Football,0,0,0,22,0,22,22,0,0,0,21,0,21,21,False,False,Football,False,SPORT_FOOTBALL,STC,Kerala,Kollam,CENTRE_STC_KER_7CF9DD85D7
LNCPE,Kollam,Kerala,Hockey,22,20,42,0,0,0,42,22,20,42,0,0,0,42,False,False,Hockey,False,SPORT_HOCKEY,STC,Kerala,Kollam,CENTRE_STC_KER_7CF9DD85D7
LNCPE,Kollam,Kerala,Kabaddi,0,10,10,0,0,0,10,0,10,10,0,0,0,10,False,False,Kabaddi,False,SPORT_KABADDI,STC,Kerala,Kollam,CENTRE_STC_KER_7CF9DD85D7
LNCPE,Thalaserry,Kerala,Athletics,0,17,17,0,0,0,17,0,17,17,0,0,0,17,False,False,Athletics,False,SPORT_ATHLETICS,STC,Kerala,Thalaserry,CENTRE_STC_KER_E5D5BE53D5
LNCPE,Thalaserry,Kerala,Fencing,0,21,21,0,0,0,21,0,20,20,0,0,0,20,False,False,Fencing,False,SPORT_FENCING,STC,Kerala,Thalaserry,CENTRE_STC_KER_E5D5BE53D5
LNCPE,Thalaserry,Kerala,Gymnastics,0,10,10,0,5,5,15,0,10,10,0,5,5,15,False,False,Gymnastics,False,SPORT_GYMNASTICS,STC,Kerala,Thalaserry,CENTRE_STC_KER_E5D5BE53D5
LNCPE,Thalaserry,Kerala,Volleyball,0,17,17,0,5,5,22,0,17,17,0,5,5,22,False,False,Volleyball,False,SPORT_VOLLEYBALL,STC,Kerala,Thalaserry,CENTRE_STC_KER_E5D5BE53D5
LNCPE,Thalaserry,Kerala,Wrestling,0,17,17,0,0,0,17,0,17,17,0,0,0,17,False,False,Wrestling,False,SPORT_WRESTLING,STC,Kerala,Thalaserry,CENTRE_STC_KER_E5D5BE53D5
LNCPE,Thrissur,Kerala,Judo,25,0,25,2,3,5,30,25,0,25,2,3,5,30,False,False,Judo,False,SPORT_JUDO,STC,Kerala,Thrissur,CENTRE_STC_KER_8431CCAC68
LNCPE,Thrissur,Kerala,Swimming,15,0,15,2,2,4,19,15,0,15,2,2,4,19,False,False,Swimming,False,SPORT_AQUATICS,STC,Kerala,Thrissur,CENTRE_STC_KER_8431CCAC68
LNCPE,Androth,Lakshadweep,Athletics,0,0,0,10,10,20,20,0,0,0,10,10,20,20,False,False,Athletics,False,SPORT_ATHLETICS,STC,Lakshadweep,Androth,CENTRE_STC_LAK_5147C2130D
LNCPE,Androth,Lakshadweep,Football,0,0,0,25,25,50,50,0,0,0,25,25,50,50,False,False,Football,False,SPORT_FOOTBALL,STC,Lakshadweep,Androth,CENTRE_STC_LAK_5147C2130D
LNCPE,Androth,Lakshadweep,Volleyball,0,0,0,12,12,24,24,0,0,0,12,12,24,24,False,False,Volleyball,False,SPORT_VOLLEYBALL,STC,Lakshadweep,Androth,CENTRE_STC_LAK_5147C2130D
LNCPE,Puducherry,Puducherry,Kabaddi,10,0,10,10,0,10,20,10,0,10,10,0,10,20,False,False,Kabaddi,False,SPORT_KABADDI,STC,Puducherry,Puducherry,CENTRE_STC_PUD_5842C370BE
LNCPE,Puducherry,Puducherry,Kho-Kho,15,0,15,9,0,9,24,15,0,15,9,0,9,24,False,False,Kho-Kho,False,SPORT_KHO_KHO,STC,Puducherry,Puducherry,CENTRE_STC_PUD_5842C370BE
LNCPE,Puducherry,Puducherry,Volleyball,12,0,12,6,0,6,18,12,0,12,6,0,6,18,False,False,Volleyball,False,SPORT_VOLLEYBALL,STC,Puducherry,Puducherry,CENTRE_STC_PUD_5842C370BE
LNCPE,Puducherry,Puducherry,Weightlifting,15,0,15,0,0,0,15,15,0,15,0,0,0,15,False,False,Weightlifting,False,SPORT_WEIGHTLIFTING,STC,Puducherry,Puducherry,CENTRE_STC_PUD_5842C370BE
LNCPE,Puducherry,Puducherry,Sepaktakraw,20,0,20,0,0,0,20,0,0,0,0,0,0,0,False,False,Sepak Takraw,False,SPORT_SEPAK_TAKRAW,STC,Puducherry,Puducherry,CENTRE_STC_PUD_5842C370BE
LNCPE,Yanam,Puducherry,Badminton,15,0,15,0,0,0,15,15,0,15,0,0,15,15,False,False,Badminton,False,SPORT_BADMINTON,STC,Puducherry,Yanam,CENTRE_STC_PUD_9037F231B0
LNCPE,Yanam,Puducherry,Swimming,15,0,15,5,8,13,28,14,0,14,3,8,11,25,False,False,Swimming,False,SPORT_AQUATICS,STC,Puducherry,Yanam,CENTRE_STC_PUD_9037F231B0
LNCPE,Chennai,Tamil Nadu,Athletics,15,0,15,0,9,9,24,15,0,15,0,9,9,24,False,False,Athletics,False,SPORT_ATHLETICS,STC,Tamil Nadu,Chennai,CENTRE_STC_TAM_0DFD80C99D
LNCPE,Chennai,Tamil Nadu,Football,0,0,0,22,0,22,22,0,0,0,22,0,22,22,False,False,Football,False,SPORT_FOOTBALL,STC,Tamil Nadu,Chennai,CENTRE_STC_TAM_0DFD80C99D
LNCPE,Chennai,Tamil Nadu,Kabaddi,16,0,16,5,0,5,21,16,0,16,5,0,5,21,False,False,Kabaddi,False,SPORT_KABADDI,STC,Tamil Nadu,Chennai,CENTRE_STC_TAM_0DFD80C99D
LNCPE,Chennai,Tamil Nadu,Table Tennis,0,0,0,0,0,0,0,0,0,0,0,0,0,0,False,False,Table Tennis,False,SPORT_TABLE_TENNIS,STC,Tamil Nadu,Chennai,CENTRE_STC_TAM_0DFD80C99D
LNCPE,Mayiladuthurai,Tamil Nadu,Athletics,10,15,25,0,0,0,25,10,14,24,0,0,0,24,False,False,Athletics,False,SPORT_ATHLETICS,STC,Tamil Nadu,Mayiladuthurai,CENTRE_STC_TAM_4B5F9662B2
LNCPE,Mayiladuthurai,Tamil Nadu,Basketball,0,11,11,0,7,7,18,0,11,11,0,4,4,15,False,False,Basketball,False,SPORT_BASKETBALL,STC,Tamil Nadu,Mayiladuthurai,CENTRE_STC_TAM_4B5F9662B2
LNCPE,Mayiladuthurai,Tamil Nadu,Boxing,0,10,10,0,0,0,10,0,10,10,0,0,0,10,False,False,Boxing,False,SPORT_BOXING,STC,Tamil Nadu,Mayiladuthurai,CENTRE_STC_TAM_4B5F9662B2
LNCPE,Mayiladuthurai,Tamil Nadu,Kabaddi,12,12,24,0,0,0,24,12,12,24,0,0,0,24,False,False,Kabaddi,False,SPORT_KABADDI,STC,Tamil Nadu,Mayiladuthurai,CENTRE_STC_TAM_4B5F9662B2
LNCPE,Mayiladuthurai,Tamil Nadu,Volleyball,15,0,15,3,0,3,18,15,0,15,3,0,3,18,False,False,Volleyball,False,SPORT_VOLLEYBALL,STC,Tamil Nadu,Mayiladuthurai,CENTRE_STC_TAM_4B5F9662B2
LNCPE,Mayiladuthurai,Tamil Nadu,Weightlifting,10,10,20,0,0,0,20,10,7,17,0,0,0,17,False,False,Weightlifting,False,SPORT_WEIGHTLIFTING,STC,Tamil Nadu,Mayiladuthurai,CENTRE_STC_TAM_4B5F9662B2
LNCPE,Salem,Tamil Nadu,Basketball,14,0,14,0,0,0,14,14,0,14,0,0,0,14,False,False,Basketball,False,SPORT_BASKETBALL,STC,Tamil Nadu,Salem,CENTRE_STC_TAM_8D7581112D
LNCPE,Salem,Tamil Nadu,Taekwondo,18,0,18,0,5,5,23,18,0,18,0,5,5,23,False,False,Taekwondo,False,SPORT_TAEKWONDO,STC,Tamil Nadu,Salem,CENTRE_STC_TAM_8D7581112D
